moduleParent,imageFolder,groupHeading,moduleTitle,moduleShortTitle
atlas,atlas,3D Atlas,Head and Neck,head
atlas,atlas,3D Atlas,Spine,spine
atlas,atlas,3D Atlas,Shoulder and Arm,shoulder
atlas,atlas,3D Atlas,Forearm and Hand,arm
atlas,atlas,3D Atlas,Thorax and Abdomen,thorax
atlas,atlas,3D Atlas,Pelvis,pelvis
atlas,atlas,3D Atlas,Hip,hip
atlas,atlas,3D Atlas,Knee,knee
atlas,atlas,3D Atlas,"Leg, Ankle and Foot",foot
HAP,HAP,Anatomy and Physiology,Body Plan and Organization,bodyplan
HAP,HAP,Anatomy and Physiology,Chemistry,chemistry
HAP,HAP,Anatomy and Physiology,Cell Biology,cellbiology
HAP,HAP,Anatomy and Physiology,Histology,histology
HAP,HAP,Anatomy and Physiology,Integumentary System,integumentary
HAP,HAP,Anatomy and Physiology,Skeletal System,skeletal
HAP,HAP,Anatomy and Physiology,Muscular System,muscular
HAP,HAP,Anatomy and Physiology,Nervous System,nervous
HAP,HAP,Anatomy and Physiology,Special Senses,specialsenses
HAP,HAP,Anatomy and Physiology,Endocrine System,endocrine
HAP,HAP,Anatomy and Physiology,Blood,blood
HAP,HAP,Anatomy and Physiology,Cardiovascular System,cardio
HAP,HAP,Anatomy and Physiology,Lymphatic System and Immunity,lymphatic
HAP,HAP,Anatomy and Physiology,Respiratory System,respiratory
HAP,HAP,Anatomy and Physiology,Digestive System,digestive
HAP,HAP,Anatomy and Physiology,Metabolism,metabolism
HAP,HAP,Anatomy and Physiology,Urinary System,urinary
HAP,HAP,Anatomy and Physiology,"Fluid, Electorlyte & Acid-Base Balance",fluid
HAP,HAP,Anatomy and Physiology,Reproductive System,reproductive
HAP,HAP,Anatomy and Physiology,Development and Inheritance,development
rt_english,RT,3D Real-time,Head and Neck,head
rt_english,RT,3D Real-time,Spine,spine
rt_english,RT,3D Real-time,Shoulder and Arm,shoulder
rt_english,RT,3D Real-time,Forearm and Hand,hand
rt_english,RT,3D Real-time,Knee,knee
rt_english,RT,3D Real-time,Thorax,thorax
rt_english,RT,3D Real-time,Abdomen,abdomen
rt_english,RT,3D Real-time,Male Pelvis,malePelvis
rt_english,RT,3D Real-time,Femal Pelvis,femalePelvis
rt_english,RT,3D Real-time,Hip and Thigh,hip
rt_english,RT,3D Real-time,"Leg, Ankle and Foot",foot
rt_english,RT,3D Real-time,Whole Body,wholeBody
rt_spanish,RT,3D Real-time,Cabeza,head
rt_spanish,RT,3D Real-time,Columna Vertebral,spine
rt_spanish,RT,3D Real-time,Hombro,shoulder
rt_spanish,RT,3D Real-time,Mano,hand
rt_spanish,RT,3D Real-time,Torax,thorax
rt_spanish,RT,3D Real-time,Abdomen,abdomen
rt_spanish,RT,3D Real-time,Pelvis Masculina,malePelvis
rt_spanish,RT,3D Real-time,Pelvis Femenina,femalePelvis
rt_spanish,RT,3D Real-time,Cadera,hip
rt_spanish,RT,3D Real-time,Rodilla,knee
rt_spanish,RT,3D Real-time,Pie,foot
rt_german,RT,3D Real-time,Kopf,head
rt_german,RT,3D Real-time,Wirbelsaule,spine
rt_german,RT,3D Real-time,schulter,shoulder
rt_german,RT,3D Real-time,Hand,hand
rt_german,RT,3D Real-time,Thorax,thorax
rt_german,RT,3D Real-time,Abdomen,abdomen
rt_german,RT,3D Real-time,Becken des Mannes,malePelvis
rt_german,RT,3D Real-time,Becken der Frau,femalePelvis
rt_german,RT,3D Real-time,Hufte,hip
rt_german,RT,3D Real-time,Mnie,knee
rt_german,RT,3D Real-time,Fuss,foot
rt_chinese,RT,3D Real-time,Chinese1,head
rt_chinese,RT,3D Real-time,Chinese2,spine
rt_chinese,RT,3D Real-time,Chinese3,shoulder
rt_chinese,RT,3D Real-time,Chinese4,hand
rt_chinese,RT,3D Real-time,Chinese5,thorax
rt_chinese,RT,3D Real-time,Chinese6,abdomen
rt_chinese,RT,3D Real-time,Chinese7,malePelvis
rt_chinese,RT,3D Real-time,Chinese8,femalePelvis
rt_chinese,RT,3D Real-time,Chinese9,hip
rt_chinese,RT,3D Real-time,Chinese10,knee
rt_chinese,RT,3D Real-time,Chinese11,foot
rt_chinese,RT,3D Real-time,Chinese12,wholeBody
rt_portuguese,RT,3D Real-time,Cabeca,head
rt_portuguese,RT,3D Real-time,Coluna,spine
rt_portuguese,RT,3D Real-time,Ombro,shoulder
rt_portuguese,RT,3D Real-time,Mao,hand
rt_portuguese,RT,3D Real-time,Torax,thorax
rt_portuguese,RT,3D Real-time,Abdomen,abdomen
rt_portuguese,RT,3D Real-time,Pelve Masculina,malePelvis
rt_portuguese,RT,3D Real-time,Pelve Feminina,femalePelvis
rt_portuguese,RT,3D Real-time,Quadril,hip
rt_portuguese,RT,3D Real-time,Joelho,knee
rt_portuguese,RT,3D Real-time,Pe,foot
rt_latin,RT,3D Real-time,Head and Neck,head
rt_latin,RT,3D Real-time,Spine,spine
rt_latin,RT,3D Real-time,Shoulder and Arm,shoulder
rt_latin,RT,3D Real-time,Forearm and Hand,hand
rt_latin,RT,3D Real-time,Knee,knee
rt_latin,RT,3D Real-time,Thorax,thorax
rt_latin,RT,3D Real-time,Abdomen,abdomen
rt_latin,RT,3D Real-time,Male Pelvis,malePelvis
rt_latin,RT,3D Real-time,Femal Pelvis,femalePelvis
rt_latin,RT,3D Real-time,Hip and Thigh,hip
rt_latin,RT,3D Real-time,"Leg, Ankle and Foot",foot
rt_japanese,RT,3D Real-time,Japanese1,head
rt_japanese,RT,3D Real-time,Japanese2,spine
rt_japanese,RT,3D Real-time,Japanese3,shoulder
rt_japanese,RT,3D Real-time,Japanese4,hand
rt_japanese,RT,3D Real-time,Japanese5,knee
rt_japanese,RT,3D Real-time,Japanese6,thorax
rt_japanese,RT,3D Real-time,Japanese7,abdomen
rt_japanese,RT,3D Real-time,Japanese8,malePelvis
rt_japanese,RT,3D Real-time,Japanese9,femalePelvis
rt_japanese,RT,3D Real-time,Japanese10,hip
rt_japanese,RT,3D Real-time,Japanese11,foot
functional,functional,Functional Anatomy,Functional Anatomy,functional
functional,functional,Functional Anatomy,Sports Injuries of the Shoulder,sportsShoulder
functional,functional,Functional Anatomy,Sports Injuries of the Knee,sportsKnee
functional,functional,Functional Anatomy,Sports Injuries of the Foot,sportsFoot
functional,functional,Functional Anatomy,Exercise,exercise
functional,functional,Functional Anatomy,Pilates,pilates
functional,functional,Functional Anatomy,Yoga,yoga
functional,functional,Functional Anatomy,Resistance Training,resistance
imaging,imaging,Imaging,Ultrasound: Lower Limb,ultrasoundLower
imaging,imaging,Imaging,Ultrasound: Upper Limb,ultrasoundUpper
imaging,imaging,Imaging,CT and MRI: Abdomen and Pelvis,mri
clinical,clinical,Clinical Specialties,Audiology,audiology
clinical,clinical,Clinical Specialties,Otolaryngology,otolaryngology
clinical,clinical,Clinical Specialties,Dentistry,dentistry
clinical,clinical,Clinical Specialties,Dental Hygiene,dentalHygiene
clinical,clinical,Clinical Specialties,Real-time Dentistry,rtDentistry
clinical,clinical,Clinical Specialties,Speech Language Pathology,slp
clinical,clinical,Clinical Specialties,Head and Neck: Pediatric Comparisons,headPediatric
clinical,clinical,Clinical Specialties,Pelvic Floor Disorders,pfd
clinical,clinical,Clinical Specialties,Head and Neck: Basic Neuroanatomy,headNeuro
clinical,clinical,Clinical Specialties,Chiropractic,chiropractic
clinical,clinical,Clinical Specialties,Urology,urology
therapy,therapy,Therapy,Acupuncture,acupuncture
therapy,therapy,Therapy,Anatomy Trains,trains
therapy,therapy,Therapy,Massage and Manual Therapies,massage
therapy,therapy,Therapy,Hand Therapy,handTherapy
language,language,Language Editions,Anatomie Fonctionnelle,fontionnelle
language,language,Language Editions,L'Anatomie Humaine,lanatomie
language,language,Language Editions,Fundamentos de Anatomia,fundamentos
language,language,Language Editions,Funktionelle Anatomie,funktionelle
otherProducts,other,Other Products,Axilla,axilla
other,other,Other Products,Systemic,systemic
other,other,Other Products,Clinical Knee,clinicalKnee
other,other,Other Products,Knee Arthroplasty,kneeArthroplasty
other,other,Other Products,Hip Arthroplasty,hipArthroplasty
other,other,Other Products,Podiatric Medicine,podiatricMedicine
other,other,Other Products,Essential Human Anatomy,essential
other,other,Other Products,Clinical Spine,clinicalSpine
quiz,quiz,Quizzes and Activities,Head and Neck,quizHead
quiz,quiz,Quizzes and Activities,Spine,quizSpine
quiz,quiz,Quizzes and Activities,Shoulder and Arm,quizShoulder
quiz,quiz,Quizzes and Activities,"Forearm, Wrist and Hand",quizHand
quiz,quiz,Quizzes and Activities,Thorax and Abdomen,quizThorax
quiz,quiz,Quizzes and Activities,Pelvis,quizPelvis
quiz,quiz,Quizzes and Activities,Hip,quizHip
quiz,quiz,Quizzes and Activities,Knee,quizKnee
quiz,quiz,Quizzes and Activities,"Leg, Ankle and Foot",quizFoot
quiz,quiz,Quizzes and Activities,Functional Anatomy,quizFunctional
quiz,quiz,Quizzes and Activities,Iteractive Learning Activities for SLP,interactiveSLP
head,head,Head and Neck,Head and neck,regionHeadNeck
head,head,Head and Neck,Head,regionHead
head,head,Head and Neck,Face,regionFace
head,head,Head and Neck,Orbit and eye,regionOrbit
head,head,Head and Neck,Nasal cavity and nose,regionNasal
head,head,Head and Neck,Dentition,regionDentition
head,head,Head and Neck,Oral cavity,regionOral
head,head,Head and Neck,Pharynx and larynx,regionPharynx
head,head,Head and Neck,Ear,regionEar
head,head,Head and Neck,Brain,regionBrain
head,head,Head and Neck,Neck,regionNeck
head,head,Head and Neck,MRI,regionMRI
head,head,Head and Neck,Dentistry,regionDentistry
head,head,Head and Neck,Phonics,regionPhonics
head,head,Head and Neck,Trigger point,regionTrigger
head,head,Head and Neck,Muscle function animations,regionMuscle
