product,type,viewName,system,region
Dentistry,3D Views,Oral cavity and infratemporal fossa,Attachments,Oral cavity
Otolaryngology,3D Views,Tongue,Digestive,Oral cavity
Otolaryngology,3D Views,Floor of oral cavity - from above,Digestive,Oral cavity
3D Atlas: Head and Neck,3D Views,Oronasal cavities - neurovasculature,Nervous,Oral cavity
3D Atlas: Head and Neck,3D Views,Oronasal cavities,Respiratory,Oral cavity
Speech Language Pathology,3D Views,Palate (from below),Digestive,Oral cavity
3D Atlas: Head and Neck,3D Views,Muscles of swallowing,Digestive,Pharynx
3D Atlas: Head and Neck,Labelled illustrations,Vessels of the oral cavity,Cardiovascular,Oral cavity
3D Atlas: Head and Neck,Labelled illustrations,Vessels of the tongue,Cardiovascular,Oral cavity
3D Atlas: Head and Neck,Labelled illustrations,XII - Hypoglossal nerve,Nervous,Oral cavity
3D Atlas: Head and Neck,Labelled illustrations,Ventral surface of the tongue,Digestive,Oral cavity
Otolaryngology,Labelled illustrations,Boundaries of the oral cavity,Digestive,Oral cavity
Otolaryngology,Dissection images,"Mouth, palate, pharynx and larynx - a sagittal section through the head and neck, from the left",Digestive,Oral cavity
Neuroanatomy,Dissection images,"Mouth, palate, pharynx and larynx, sagittal section",Digestive,Pharynx
Otolaryngology,Dissection images,Tongue from above with the inlet (aditus) of the larynx,Digestive,Oral cavity
3D Atlas: Head and Neck,Clinical images,Torus palatinus,Digestive,Oral cavity
Dentistry,Clinical images,Lingual thyroid,Endocrine,Oral cavity
Dentistry,Clinical images,Lingual frenectomy - Operative sequence - Sutures,Digestive,Oral cavity
Dentistry,Clinical images,Geographic tongue (erythema migrans),Digestive,Oral cavity
Dentistry,Clinical images,Hypoglossal nerve palsy,Digestive,Oral cavity
Dentistry,Clinical images,Lingual frenectomy - Operative sequence - Dissection fibrous band,Digestive,Oral cavity
Dentistry,Clinical images,Lingual frenectomy - Operative sequence - Completed dissection,Digestive,Oral cavity
Dentistry,Clinical images,Fleshy upper labial frenum and midline diastema,Digestive,Oral cavity
Dentistry,Clinical images,Cleft palate,Digestive,Oral cavity
Dentistry,Clinical images,Bifid uvula,Digestive,Oral cavity
Dentistry,Clinical images,Tonsillitis,Digestive,Pharynx
Dentistry,Clinical images,Carcinoma of lower lip,Digestive,Oral cavity
